{
    "R": [1.5644158124923706, 1.7329834699630737, 1.3484797477722168, 1.0881953239440918, 0.9022530317306519, 0.9036687612533569, 0.5338664650917053, 0.5380106568336487, 0.3327971398830414, 0.3327971398830414, 0.33479592204093933, 0.30311524868011475, 0.3051140308380127, 0.2691359519958496, 0.27113473415374756, 0.2608410120010376, 0.2608410120010376, 0.27113473415374756, 0.2691359519958496, 0.3051140308380127, 0.30311524868011475, 0.33479592204093933, 0.3327971398830414, 0.3327971398830414, 0.5385981202125549, 0.534468948841095, 0.905629575252533, 0.9042189717292786, 1.0881953239440918, 1.3484797477722168, 1.7301790714263916, 1.5644158124923706, 1.3799912929534912, 1.3798918724060059, 1.1962220668792725, 1.1963164806365967, 1.0553741455078125, 1.055283546447754, 0.9475024938583374, 0.9056863784790039, 0.8991429805755615, 0.8833878636360168, 0.8676812052726746, 0.8513223528862, 0.8334819078445435, 0.8260625600814819, 0.8226776719093323, 0.8210227489471436, 0.8206913471221924, 0.8228873610496521, 0.8275730013847351, 0.8391945958137512, 0.8552442789077759, 0.8775665163993835, 0.8994734883308411, 1.1856772899627686, 1.2790000438690186, 1.2960000038146973, 1.4329999685287476, 1.4329999685287476, 1.4900000095367432, 1.4600000381469727, 1.4600000381469727, 1.6610000133514404, 1.6610000133514404, 1.4600000381469727, 1.4600000381469727, 1.4930000305175781, 1.4739999771118164, 1.4329999685287476, 1.4329999685287476, 1.2960000038146973, 1.2790000438690186, 1.1856772899627686, 0.8994734883308411, 0.8775665163993835, 0.8552442789077759, 0.8391945958137512, 0.8275730013847351, 0.8228873610496521, 0.8206913471221924, 0.8210227489471436, 0.8226776719093323, 0.8260625600814819, 0.8334819078445435, 0.8513223528862, 0.8676812052726746, 0.8833878636360168, 0.8991429805755615, 0.9056863784790039, 0.9475024938583374, 1.055283546447754, 1.0553741455078125, 1.1963164806365967, 1.1962220668792725, 1.3798918724060059, 1.3799912929534912, 1.5644158124923706],
    "Z": [1.5642352104187012, 1.6790194511413574, 2.060413360595703, 2.059459924697876, 1.8756531476974487, 1.8742417097091675, 1.5028557777404785, 1.4987432956695557, 1.2970895767211914, 1.093999981880188, 1.093999981880188, 0.8475000262260437, 0.8475000262260437, 0.5649999976158142, 0.5649999976158142, 0.495257705450058, -0.5072576999664307, -0.5769999623298645, -0.5769999623298645, -0.859499990940094, -0.859499990940094, -1.1060000658035278, -1.1060000658035278, -1.3090896606445312, -1.5099018812179565, -1.514029622077942, -1.8840579986572266, -1.885474681854248, -2.0661399364471436, -2.0651865005493164, -1.6809858083724976, -1.5688352584838867, -1.5768829584121704, -1.576727032661438, -1.5847499370574951, -1.5848979949951172, -1.5910483598709106, -1.5909062623977661, -1.5956141948699951, -1.5955623388290405, -1.5947847366333008, -1.5902643203735352, -1.5808736085891724, -1.5676687955856323, -1.546242117881775, -1.5287524461746216, -1.515168309211731, -1.4962406158447266, -1.4772435426712036, -1.4458203315734863, -1.4192304611206055, -1.3872809410095215, -1.3528412580490112, -1.3220986127853394, -1.3001782894134521, -1.013800024986267, -0.8422999978065491, -0.8202000260353088, -0.8202000260353088, -0.7110000252723694, -0.4909999966621399, -0.4909999966621399, -0.2329999953508377, -0.2329999953508377, 0.22599999606609344, 0.22599999606609344, 0.48100000619888306, 0.48100000619888306, 0.5540000200271606, 0.7110000252723694, 0.8155999779701233, 0.8155999779701233, 0.8376999497413635, 1.0091999769210815, 1.2955782413482666, 1.3174985647201538, 1.3482412099838257, 1.382680892944336, 1.41463041305542, 1.4412202835083008, 1.472643494606018, 1.491640567779541, 1.5105682611465454, 1.524152398109436, 1.5416420698165894, 1.5630687475204468, 1.5762735605239868, 1.5856642723083496, 1.5901846885681152, 1.590962290763855, 1.5910141468048096, 1.5863062143325806, 1.586448311805725, 1.5802979469299316, 1.5801498889923096, 1.5721269845962524, 1.5722829103469849, 1.5642352104187012]
}