{
    "Solenoid": {
        "R_mask": [0.16949571762233973, 0.16949573252350092, 0.16949573252350092, 0.18299622926861048, 0.18299622926861048, 0.19500346388667822, 0.19500346388667822, 0.20850330498069525, 0.20850330498069525, 0.22200293745845556, 0.22200293745845556, 0.22200296726077795, 0.22200296726077795, 0.22200298216193914, 0.22200298216193914, 0.2220031013712287, 0.2220031013712287, 0.22200313117355108, 0.22200313117355108, 0.2220031013712287, 0.2220031013712287, 0.2220030864700675, 0.2220030864700675, 0.2220030715689063, 0.2220030715689063, 0.22200304176658392, 0.22200304176658392, 0.22200301196426153, 0.22200301196426153, 0.22200298216193914, 0.22200298216193914, 0.22200295235961676, 0.22200295235961676, 0.20999571774154902, 0.20999571774154902, 0.16949591133743525, 0.16949591133743525, 0.1694958070293069, 0.1694958070293069, 0.16949571762233973, 0.16949571762233973],
        "Z_mask": [-1.516747617162764, -1.516747617162764, -1.5357475513592362, -1.5357475513592362, -1.545290612615645, -1.545290612615645, -1.5452898973599076, -1.5452898973599076, -1.535726928152144, -1.535726928152144, -1.5167269939556718, -1.5167269939556718, -1.4977271789684892, -1.4977271789684892, -1.2317408556118608, -1.2317408556118608, -0.45273219887167215, -0.45273219887167215, -0.43471581395715475, -0.43471581395715475, 0.3442803556099534, 0.3442803556099534, 0.6862787241116166, 0.6862787241116166, 0.8762778276577592, 0.8762778276577592, 1.1612763637676835, 1.1612763637676835, 1.3702754015102983, 1.3702754015102983, 1.5222746366634965, 1.5222746366634965, 1.5412745708599687, 1.5412745708599687, 1.5412504905834794, 1.5412504905834794, 1.5222506755962968, 1.5222506755962968, -1.4607314830645919, -1.4607314830645919, -1.516747617162764]
    },
    "PxU": {
        "R_mask": [0.2289973059669137, 0.2289973208680749, 0.2289973208680749, 0.22899741027504206, 0.22899741027504206, 0.2400021841749549, 0.2400021841749549, 0.25400213804095984, 0.25400213804095984, 0.25400212313979864, 0.25400212313979864, 0.25400204863399267, 0.25400204863399267, 0.2540020337328315, 0.2540020337328315, 0.24299725983291864, 0.24299725983291864, 0.2289973059669137, 0.2289973059669137],
        "Z_mask": [1.3836459051817656, 1.3836459051817656, 1.3076461683958769, 1.3076461683958769, 1.0226466786116362, 1.0226466786116362, 1.0274022947996855, 1.0274022947996855, 1.0454085934907198, 1.0454085934907198, 1.102408753708005, 1.102408753708005, 1.3874093163758516, 1.3874093163758516, 1.425409423187375, 1.425409423187375, 1.4206522572785616, 1.4206522572785616, 1.3836459051817656]
    },
    "PxL": {
        "R_mask": [0.2289973059669137, 0.24299725983291864, 0.24299725983291864, 0.2540020337328315, 0.2540020337328315, 0.25400204863399267, 0.25400204863399267, 0.25400212313979864, 0.25400212313979864, 0.25400213804095984, 0.25400213804095984, 0.2400021841749549, 0.2400021841749549, 0.22899741027504206, 0.22899741027504206, 0.2289973208680749, 0.2289973208680749, 0.2289973059669137, 0.2289973059669137],
        "Z_mask": [-1.4326523412019014, -1.4326523412019014, -1.437409507110715, -1.437409507110715, -1.3994094002991915, -1.3994094002991915, -1.1144088376313448, -1.1144088376313448, -1.0574086774140596, -1.0574086774140596, -1.0394023787230253, -1.0394023787230253, -1.034646762534976, -1.034646762534976, -1.3196462523192167, -1.3196462523192167, -1.3956459891051054, -1.3956459891051054, -1.4326523412019014]
    },
    "D1U": {
        "R_mask": [0.34636733029037714, 0.3463677177205682, 0.3463677177205682, 0.4326330414041877, 0.4326330414041877, 0.4326327731832862, 0.4326327731832862, 0.34636733029037714, 0.34636733029037714],
        "Z_mask": [1.5440672961995006, 1.5440672961995006, 1.529367241077125, 1.529367241077125, 1.5421325834468007, 1.5421325834468007, 1.615632620640099, 1.615632620640099, 1.5440672961995006]
    },
    "D1L": {
        "R_mask": [0.34636733029037714, 0.4326327731832862, 0.4326327731832862, 0.4326330414041877, 0.4326330414041877, 0.3463677177205682, 0.3463677177205682, 0.34636733029037714, 0.34636733029037714],
        "Z_mask": [-1.627632704563439, -1.627632704563439, -1.5541326673701406, -1.5541326673701406, -1.541367325000465, -1.541367325000465, -1.5560673801228404, -1.5560673801228404, -1.627632704563439]
    },
    "D2U": {
        "R_mask": [0.521367278881371, 0.5213675172999501, 0.5213675172999501, 0.607632908038795, 0.607632908038795, 0.6076328484341502, 0.6076328484341502, 0.6076327888295054, 0.6076327888295054, 0.521367278881371, 0.521367278881371],
        "Z_mask": [1.7506673596799374, 1.7506673596799374, 1.7065673135221004, 1.7065673135221004, 1.7193326689302921, 1.7193326689302921, 1.7487326599657536, 1.7487326599657536, 1.763432715088129, 1.763432715088129, 1.7506673596799374]
    },
    "D2L": {
        "R_mask": [0.521367278881371, 0.6076327888295054, 0.6076327888295054, 0.6076328484341502, 0.6076328484341502, 0.607632908038795, 0.607632908038795, 0.5213675172999501, 0.5213675172999501, 0.521367278881371, 0.521367278881371],
        "Z_mask": [-1.7734327055513859, -1.7734327055513859, -1.7587326504290104, -1.7587326504290104, -1.729332659393549, -1.729332659393549, -1.7165673039853573, -1.7165673039853573, -1.7606673501431942, -1.7606673501431942, -1.7734327055513859]
    },
    "D3U": {
        "R_mask": [0.7633557291701436, 0.7633557887747884, 0.7633557887747884, 0.8349445490166545, 0.8349445490166545, 0.8496443657204509, 0.8496443657204509, 0.8496444253250957, 0.8496444253250957, 0.7633557291701436, 0.7633557291701436],
        "Z_mask": [1.9976556529290974, 1.9976556529290974, 1.95355572598055, 1.95355572598055, 1.968255661893636, 1.968255661893636, 1.9976556529290974, 1.9976556529290974, 2.010444379877299, 2.010444379877299, 1.9976556529290974]
    },
    "D3L": {
        "R_mask": [0.7633557291701436, 0.8496444253250957, 0.8496444253250957, 0.8496443657204509, 0.8496443657204509, 0.8349445490166545, 0.8349445490166545, 0.7633557887747884, 0.7633557887747884, 0.7633557291701436, 0.7633557291701436],
        "Z_mask": [-2.018444276880473, -2.018444276880473, -2.0056555499322712, -2.0056555499322712, -1.9762555588968098, -1.9762555588968098, -1.9615556229837239, -1.9615556229837239, -2.0056555499322712, -2.0056555499322712, -2.018444276880473]
    },
    "DpU": {
        "R_mask": [0.8823672980070114, 0.8823673576116562, 0.8823673576116562, 0.9686326533555984, 0.9686326533555984, 0.8823673576116562, 0.8823673576116562, 0.8823672980070114, 0.8823672980070114],
        "Z_mask": [1.494667336344719, 1.494667336344719, 1.4652673453092575, 1.4652673453092575, 1.5221325904130936, 1.5221325904130936, 1.5074326545000076, 1.5074326545000076, 1.494667336344719]
    },
    "DpL": {
        "R_mask": [0.8823672980070114, 0.8823673576116562, 0.8823673576116562, 0.9686326533555984, 0.9686326533555984, 0.8823673576116562, 0.8823673576116562, 0.8823672980070114, 0.8823672980070114],
        "Z_mask": [-1.5120327025651932, -1.5120327025651932, -1.5267326384782791, -1.5267326384782791, -1.469867393374443, -1.469867393374443, -1.4992673844099045, -1.4992673844099045, -1.5120327025651932]
    },
    "D5U": {
        "R_mask": [1.8715591141954064, 1.9137410214170814, 1.9137410214170814, 1.9284408381208777, 1.9284408381208777, 1.928441314958036, 1.928441314958036, 1.8715593526139855, 1.8715593526139855, 1.8715591141954064, 1.8715591141954064],
        "Z_mask": [1.8995091263204813, 1.8995091263204813, 1.9142091814428568, 1.9142091814428568, 1.9877090994268656, 1.9877090994268656, 2.000490849837661, 2.000490849837661, 1.9122908767312765, 1.9122908767312765, 1.8995091263204813]
    },
    "D5L": {
        "R_mask": [1.8715591141954064, 1.8715593526139855, 1.8715593526139855, 1.928441314958036, 1.928441314958036, 1.9284408381208777, 1.9284408381208777, 1.9137410214170814, 1.9137410214170814, 1.8715591141954064, 1.8715591141954064],